週,日付,学習内容,学習時間,目標,プロジェクト,難易度,チェック
1,Day 1-2,ブラウザ開発者ツール + JavaScriptの基礎概念,30分,JavaScriptとは何か、コンソールの使い方を理解,—,★,☐
1,Day 3-5,変数とデータ型（let, const, var）,1時間,変数を宣言して、データ型を理解,コンソールで計算,★,☐
2,Day 6-8,演算子と条件分岐（if/else）,1時間,if文を使った条件判定ができる,コンソールで条件判定,★,☐
2,Day 9-10,ループ処理（for, while, forEach）,1時間,for文とwhile文の違いを理解,コンソールでループを実行,★,☐
3,Day 11-12,関数の定義と呼び出し,1時間,関数を作って再利用できる,関数を使った計算,★,☐
3,Day 13-14,アロー関数と関数型プログラミング,1時間,アロー関数の書き方を習得,アロー関数で計算,★★,☐
4,Day 15-16,配列の基礎（作成、アクセス、メソッド）,1時間,配列を作成して、要素にアクセスできる,配列を使ったデータ処理,★,☐
4,Day 17-18,配列のメソッド（map, filter, reduce）,1.5時間,配列を効率よく処理できる,配列の変換・フィルタリング,★★,☐
5,Day 19-20,オブジェクトの基礎,1時間,オブジェクトを作成して、プロパティにアクセスできる,オブジェクトの作成と操作,★,☐
5,Day 21-22,文字列操作と正規表現の基礎,1.5時間,文字列を操作・検証できる,テキスト処理,★★,☐
6,Day 23-24,HTML + JavaScriptの連携,1時間,HTMLからJavaScriptを読み込める,簡単なHTMLファイルを作成,★,☐
6,Day 25-26,DOM要素の取得（getElementById, querySelector）,1時間,HTMLの要素をJavaScriptで取得できる,要素の取得実習,★,☐
7,Day 27-28,DOM要素の操作（textContent, innerHTML）,1時間,HTML要素の内容を変更できる,テキストと内容の変更,★,☐
7,Day 29-30,スタイルの変更（element.style）,1時間,JavaScriptでCSSを動的に変更できる,色やサイズを動的に変更,★,☐
8,Day 31-32,イベントリスナー基礎（click, input）,1時間,ボタンをクリックして何かが起きるコードを書ける,ボタン・クリック実習,★,☐
8,Day 33-34,複数のイベント処理,1.5時間,複数のボタンや入力欄を処理できる,複数イベント処理,★,☐
9,Day 35-36,要素の追加と削除（appendChild, removeChild）,1時間,JavaScriptで動的にHTML要素を追加・削除できる,動的要素追加,★,☐
9,Day 37-38,プロジェクト：ボタンをクリックで文字が変わる,1.5時間,基本的なインタラクティブコードが書ける,プロジェクト1,★,☐
10,Day 39-41,プロジェクト：簡単な計算機,2時間,複数の操作を組み合わせた機能が実装できる,プロジェクト2,★★,☐
10,Day 42-44,プロジェクト：TODO リスト基礎版,2.5時間,入力、追加、削除の基本機能が作れる,プロジェクト3,★★,☐
11,Day 45-47,localStorage の使い方,1.5時間,ブラウザにデータを保存・読み込みできる,データ永続化,★★,☐
11,Day 48-50,プロジェクト：TODO リスト（データ保存版）,2.5時間,ページをリロードしてもデータが残る,プロジェクト4,★★,☐
12,Day 51-53,ES6+ 新しい文法（テンプレートリテラル、分割代入）,1.5時間,モダンなJavaScript記法が書ける,新しい文法の実習,★★,☐
12,Day 54-56,非同期処理の基礎（callback）,2時間,非同期処理の概念を理解できる,callback関数,★★,☐
13,Day 57-59,Promise と then() の使い方,2時間,Promiseを使った非同期処理が書ける,Promise実習,★★,☐
13,Day 60-62,async / await の使い方,2時間,async/awaitで非同期処理を簡潔に書ける,async/await実習,★★,☐
14,Day 63-65,fetch API の基礎,2時間,JSONデータを取得できる,APIからデータ取得,★★★,☐
14,Day 66-68,外部API連携（天気情報など）,2.5時間,実際のAPIからデータを取得して表示できる,プロジェクト5（天気アプリ）,★★★,☐
15,Day 69-71,エラーハンドリング（try/catch）,1.5時間,エラーを適切に処理できる,エラーハンドリング,★★,☐
15,Day 72-74,プロジェクト：API連携アプリの改善,2.5時間,エラー処理を含めた実装ができる,プロジェクト6,★★★,☐
16,Day 75-77,イベント委譲（Event Delegation）,1.5時間,効率的にイベントを管理できる,イベント委譲実習,★★,☐
16,Day 78-80,プロジェクト：画像ギャラリー,2.5時間,複数の要素を効率よく処理できる,プロジェクト7,★★★,☐
17,Day 81-83,モジュール化の基礎（import/export）,2時間,コードを分割・再利用できる,モジュール化実習,★★★,☐
17,Day 84-86,プロジェクト：複数ファイルでのアプリ実装,3時間,大きなプロジェクトを構造化できる,プロジェクト8,★★★,☐
18,Day 87-89,React の基礎概念,2時間,Reactの考え方を理解できる,React入門,★★★,☐
18,Day 90+,プロジェクト：Reactでシンプルアプリ実装,3時間以上,Reactで動的なアプリが作れる,プロジェクト9（React版TODO）,★★★★,☐
